unicode,label,character,occurrence
U4E00,0,一,884
U4E91,1,云,883
U4E8B,2,事,837
U4EBA,3,人,787
U53C8,4,又,725
U5165,5,入,629
U7269,6,物,599
U51FA,7,出,560
U898B,8,見,533
U5927,9,大,526
U5B50,10,子,516
U6B64,11,此,509
U5176,12,其,501
U4E5F,13,也,498
U65E5,14,日,460
U5C0F,15,小,449
U65B9,16,方,435
U4E0A,17,上,432
U662F,18,是,410
U4E09,19,三,396
U4E2D,20,中,394
U4F55,21,何,364
U5019,22,候,361
U5973,23,女,360
U56FD,24,国,339
U4E8C,25,二,334
U6642,26,時,333
U4ECA,27,今,331
U5FA1,28,御,318
U6709,29,有,313
U6240,30,所,312
U5FC3,31,心,307
U524D,32,前,296
U5408,33,合,291
U6C34,34,水,289
U8EAB,35,身,276
U4E94,36,五,275
U5C71,37,山,273
U5341,38,十,268
U540C,39,同,264
U6C41,40,汁,263
U7D66,41,給,262
U624B,42,手,261
U7ACB,43,立,260
U8695,44,蚕,260
U69D8,45,様,254
U4E4B,46,之,252
U4E0B,47,下,249
U5409,48,吉,245
U4E16,49,世,243
U8A00,50,言,240
U7533,51,申,232
U4ED5,52,仕,229
U6708,53,月,222
U56DB,54,四,218
U9152,55,酒,216
U540D,56,名,215
U751F,57,生,213
U6771,58,東,210
U5DDE,59,州,210
U5F8C,60,後,208
U53E3,61,口,205
U516D,62,六,201
U6C5F,63,江,197
U6728,64,木,195
U98A8,65,風,194
U5BB6,66,家,194
U82B1,67,花,193
U591C,68,夜,193
U5C45,69,居,192
U601D,70,思,192
U6625,71,春,190
U53F3,72,右,190
U6238,73,戸,188
U767D,74,白,188
U53D6,75,取,186
U8272,76,色,186
U5206,77,分,181
U5185,78,内,176
U9CE5,79,鳥,176
U805E,80,聞,172
U5E74,81,年,166
U592B,82,夫,165
U76EE,83,目,164
U5473,84,味,163
U897F,85,西,159
U5F15,86,引,158
U8449,87,葉,157
U7F6E,88,置,157
U548C,89,和,157
U5207,90,切,156
U6CBB,91,治,154
U8336,92,茶,152
U6851,93,桑,147
U4ED8,94,付,143
U9B5A,95,魚,138
U9053,96,道,138
U9593,97,間,137
U5C4B,98,屋,136
U5916,99,外,134
U91D1,100,金,131
U5929,101,天,131
U98DF,102,食,131
U7D19,103,紙,131
U884C,104,行,131
U7528,105,用,131
U91CE,106,野,130
U4F86,107,來,130
U53CA,108,及,128
U516B,109,八,128
U4E03,110,七,128
U672C,111,本,126
U795E,112,神,126
U5DE6,113,左,126
U570B,114,國,124
U9577,115,長,122
U6210,116,成,122
U7A0B,117,程,121
U716E,118,煮,121
U7A2E,119,種,121
U6211,120,我,120
U6765,121,来,117
U7537,122,男,116
U571F,123,土,116
U7406,124,理,115
U4E0D,125,不,114
U66F8,126,書,113
U5869,127,塩,112
U8005,128,者,112
U4EAC,129,京,111
U6C17,130,気,110
U592A,131,太,110
U79C1,132,私,109
U90E8,133,部,109
U5E73,134,平,106
U53E4,135,古,106
U901A,136,通,105
U713C,137,焼,105
U8349,138,草,105
U90CE,139,郎,104
U4F5C,140,作,104
U7B2C,141,第,102
U5C11,142,少,102
U8A9E,143,語,102
U7389,144,玉,102
U706B,145,火,101
U660E,146,明,100
U6216,147,或,99
U7530,148,田,99
U5375,149,卵,98
U714E,150,煎,98
U5DDD,151,川,98
U5F37,152,強,98
U591A,153,多,97
U6839,154,根,95
U9580,155,門,93
U8C46,156,豆,93
U61F8,157,懸,93
U7DCF,158,総,92
U5730,159,地,92
U8D8A,160,越,92
U6E6F,161,湯,91
U6C23,162,氣,90
U81EA,163,自,88
U677E,164,松,88
U80FD,165,能,88
U6D77,166,海,87
U6F2C,167,漬,87
U547C,168,呼,86
U76BF,169,皿,85
U6CD5,170,法,85
U8FD1,171,近,85
U5F62,172,形,84
U5F80,173,往,84
U5EA6,174,度,84
U77E5,175,知,83
U4E5D,176,九,83
U6545,177,故,81
U95A2,178,関,81
U5148,179,先,81
U52A0,180,加,80
U4F8D,181,侍,80
U5171,182,共,80
U5965,183,奥,79
U60AA,184,悪,79
U8A5E,185,詞,79
U9AD8,186,高,79
U9063,187,遣,78
U5175,188,兵,77
U985E,189,類,77
U7AF9,190,竹,77
U8FBA,191,辺,77
U5EA7,192,座,76
U521D,193,初,76
U6A23,194,樣,76
U5E38,195,常,75
U5F97,196,得,75
U7C89,197,粉,74
U5982,198,如,73
U6587,199,文,73
U8DB3,200,足,72
U9752,201,青,72
U91CC,202,里,71
U623F,203,房,71
U5F7C,204,彼,71
U7FA9,205,義,71
U4EE5,206,以,70
U83DC,207,菜,70
U5DFB,208,巻,69
U7B11,209,笑,69
U6B66,210,武,69
U8001,211,老,68
U5E2B,212,師,68
U8584,213,薄,68
U96E8,214,雨,68
U6268,215,扨,67
U5BF8,216,寸,67
U4ECB,217,介,67
U564C,218,噌,67
U90FD,219,都,67
U7C73,220,米,66
U5B9F,221,実,66
U6CB9,222,油,66
U5225,223,別,66
U6599,224,料,66
U4EE3,225,代,66
U5357,226,南,66
U76F8,227,相,66
U6577,228,敷,66
U89AA,229,親,66
U52DD,230,勝,65
U671D,231,朝,65
U5C3E,232,尾,65
U4F46,233,但,65
U7136,234,然,65
U5BBF,235,宿,65
U82E5,236,若,65
U9060,237,遠,64
U6B21,238,次,64
U60C5,239,情,64
U990A,240,養,64
U4E07,241,万,63
U904E,242,過,63
U6368,243,捨,62
U4FE1,244,信,62
U753A,245,町,62
U99AC,246,馬,62
U4E3B,247,主,62
U9905,248,餅,62
U8D77,249,起,61
U6B63,250,正,61
U97F3,251,音,61
U7740,252,着,61
U4F0A,253,伊,61
U8179,254,腹,61
U757F,255,畿,60
U52E2,256,勢,60
U5343,257,千,60
U96EA,258,雪,60
U8863,259,衣,60
U7121,260,無,60
U98EF,261,飯,60
U7236,262,父,60
U9762,263,面,59
U4F50,264,佐,59
U7B49,265,等,59
U89D2,266,角,59
U6D25,267,津,59
U5347,268,升,58
U767E,269,百,58
U79CB,270,秋,58
U79F0,271,称,57
U76DB,272,盛,57
U6885,273,梅,57
U81B3,274,膳,56
U7D30,275,細,56
U66FF,276,替,56
U5150,277,児,56
U53BB,278,去,56
U4F3C,279,似,56
U96F2,280,雲,56
U5F35,281,張,55
U6BCD,282,母,55
U8D64,283,赤,55
U9ED2,284,黒,55
U541B,285,君,55
U5411,286,向,55
U5E72,287,干,54
U77F3,288,石,54
U8338,289,茸,54
U9999,290,香,54
U8DE1,291,跡,54
U91CD,292,重,54
U7CF8,293,糸,54
U55B0,294,喰,54
U885E,295,衞,53
U547D,296,命,53
U6301,297,持,53
U610F,298,意,53
U5742,299,坂,53
U7FBD,300,羽,53
U534A,301,半,53
U6298,302,折,53
U6BB5,303,段,52
U5D8B,304,嶋,52
U6D41,305,流,52
U76F4,306,直,51
U54C1,307,品,51
U7D42,308,終,50
U65B0,309,新,50
U6B7B,310,死,50
U81FA,311,臺,50
U80B4,312,肴,50
U5B57,313,字,50
U6597,314,斗,49
U4E45,315,久,49
U76AE,316,皮,49
U5BD2,317,寒,48
U5B9A,318,定,48
U6253,319,打,48
U6309,320,按,48
U75C5,321,病,48
U7570,322,異,47
U5438,323,吸,47
U5E03,324,布,47
U4E21,325,両,47
U9EC4,326,黄,47
U5F85,327,待,46
U590F,328,夏,46
U8CC0,329,賀,46
U9162,330,酢,46
U6CB3,331,河,46
U4FD7,332,俗,46
U843D,333,落,46
U539F,334,原,46
U982D,335,頭,46
U59BB,336,妻,46
U725B,337,牛,46
U9BDB,338,鯛,45
U8AF8,339,諸,45
U9262,340,鉢,45
U56F3,341,図,45
U9055,342,違,45
U6570,343,数,45
U53EA,344,只,45
U6DF1,345,深,44
U6307,346,指,44
U9B3C,347,鬼,44
U5C0B,348,尋,44
U5B88,349,守,44
U6749,350,杉,44
U904A,351,遊,44
U76C3,352,盃,44
U5BFA,353,寺,43
U9803,354,頃,43
U6E05,355,清,43
U8AAC,356,説,43
U672B,357,末,43
U7230,358,爰,43
U696D,359,業,43
U5439,360,吹,42
U4F4F,361,住,42
U4E38,362,丸,42
U5317,363,北,42
U8089,364,肉,42
U9678,365,陸,41
U7E01,366,縁,41
U66AE,367,暮,41
U5A66,368,婦,41
U4ED6,369,他,41
U6A4B,370,橋,41
U5BE2,371,寢,41
U9032,372,進,41
U8C9D,373,貝,41
U5510,374,唐,40
U6B73,375,歳,40
U54E5,376,哥,40
U6BD4,377,比,40
U8072,378,聲,40
U8DEF,379,路,40
U58F1,380,壱,40
U7F8E,381,美,40
U5922,382,夢,40
U845B,383,葛,39
U4ED9,384,仙,39
U6FC3,385,濃,39
U58F0,386,声,39
U7BB1,387,箱,39
U8896,388,袖,38
U58EB,389,士,38
U738B,390,王,38
U5E30,391,帰,38
U51AC,392,冬,38
U5177,393,具,38
U5668,394,器,38
U771F,395,真,38
U8A70,396,詰,38
U7D50,397,結,38
U8A08,398,計,38
U7D44,399,組,38
U9918,400,餘,38
U82E6,401,苦,38
U66F4,402,更,37
U5915,403,夕,37
U7BC0,404,節,37
U96C4,405,雄,37
U65AF,406,斯,37
U5143,407,元,37
U51E6,408,処,37
U611B,409,愛,37
U8FBC,410,込,37
U4F5B,411,佛,37
U7565,412,略,37
U5DF1,413,己,36
U732A,414,猪,36
U9E7F,415,鹿,36
U8A18,416,記,36
U597D,417,好,36
U866B,418,虫,36
U6795,419,枕,36
U723A,420,爺,36
U83D3,421,菓,36
U96C6,422,集,36
U6C11,423,民,36
U98FC,424,飼,36
U6BD2,425,毒,36
U9732,426,露,36
U59CB,427,始,35
U65E9,428,早,35
U80A5,429,肥,35
U80E1,430,胡,35
U8AB0,431,誰,35
U85A9,432,薩,35
U934B,433,鍋,35
U96E3,434,難,35
U7686,435,皆,35
U51B7,436,冷,34
U8A60,437,詠,34
U7FC1,438,翁,34
U50E7,439,僧,34
U8CB4,440,貴,34
U5C24,441,尤,34
U62BC,442,押,34
U5D0E,443,崎,34
U6CE2,444,波,34
U8FC4,445,迄,34
U5229,446,利,34
U9670,447,陰,34
U5B89,448,安,34
U7688,449,皈,34
U7D05,450,紅,33
U679C,451,果,33
U9CF4,452,鳴,33
U54C9,453,哉,33
U5BC4,454,寄,33
U9023,455,連,33
U52A9,456,助,33
U7DE8,457,編,33
U7523,458,産,33
U9EA6,459,麦,32
U6027,460,性,32
U6C0F,461,氏,32
U53EF,462,可,31
U679D,463,枝,31
U663C,464,昼,31
U6E21,465,渡,31
U9996,466,首,31
U9D28,467,鴨,31
U6B4C,468,歌,31
U7D2B,469,紫,31
U81F3,470,至,31
U74DC,471,瓜,31
U5584,472,善,31
U8CAB,473,貫,30
U5F1F,474,弟,30
U5949,475,奉,30
U5200,476,刀,30
U4E39,477,丹,30
U5B9C,478,宜,30
U6848,479,案,30
U828B,480,芋,30
U6200,481,戀,30
U7E54,482,織,30
U4E95,483,井,30
U821F,484,舟,30
U9280,485,銀,30
U6EDD,486,滝,30
U7DBF,487,綿,30
U5BA2,488,客,30
U677F,489,板,29
U5316,490,化,29
U7CBE,491,精,29
U554F,492,問,29
U5FD7,493,志,29
U60B2,494,悲,29
U4FBF,495,便,29
U5A18,496,娘,29
U5FF5,497,念,29
U6469,498,摩,29
U6CEA,499,泪,29
U6CA2,500,沢,29
U70BA,501,為,29
U8EE2,502,転,29
U6D17,503,洗,29
U6900,504,椀,29
U773C,505,眼,29
U7247,506,片,29
U5728,507,在,29
U8A71,508,話,29
U7802,509,砂,29
U65E6,510,旦,29
U543E,511,吾,28
U80F8,512,胸,28
U6912,513,椒,28
U7576,514,當,28
U8033,515,耳,28
U6B5F,516,歟,28
U8FD4,517,返,28
U7336,518,猶,28
U5FB3,519,徳,27
U8AA0,520,誠,27
U50B3,521,傳,27
U6614,522,昔,27
U5BAE,523,宮,27
U8C50,524,豐,27
U53C2,525,参,27
U4F4D,526,位,27
U9AEE,527,髮,27
U9AEA,528,髪,27
U5F53,529,当,27
U967D,530,陽,27
U5974,531,奴,27
U56E0,532,因,26
U84CB,533,蓋,26
U800C,534,而,26
U6BBF,535,殿,26
U67D3,536,染,26
U8C37,537,谷,26
U6D6E,538,浮,26
U79D8,539,秘,26
U7B51,540,筑,26
U9BC9,541,鯉,26
U5B85,542,宅,26
U7CD6,543,糖,26
U5449,544,呉,26
U732E,545,献,26
U59C9,546,姉,26
U90A3,547,那,26
U7A7A,548,空,26
U53EC,549,召,25
U8CE3,550,賣,25
U67DA,551,柚,25
U6B78,552,歸,25
U5EFB,553,廻,25
U5C3A,554,尺,25
U91A4,555,醤,25
U5099,556,備,25
U5EFF,557,廿,25
U8A33,558,訳,25
U6876,559,桶,25
U5168,560,全,25
U7FCC,561,翌,25
U92AD,562,銭,25
U4E01,563,丁,25
U539A,564,厚,25
U53F0,565,台,25
U523B,566,刻,25
U6CE3,567,泣,25
U5484,568,咄,24
U62F5,569,拵,24
U5BCC,570,富,24
U98DB,571,飛,24
U8AC7,572,談,24
U85AC,573,薬,24
U9C60,574,鱠,24
U4E86,575,了,24
U59FF,576,姿,24
U8EFD,577,軽,24
U8239,578,船,24
U968E,579,階,24
U6025,580,急,24
U65C5,581,旅,24
U99FF,582,駿,24
U8170,583,腰,24
U606F,584,息,24
U8A63,585,詣,24
U6C38,586,永,24
U9F20,587,鼠,24
U9858,588,願,24
U7E6D,589,繭,23
U5EAD,590,庭,23
U9644,591,附,23
U975E,592,非,23
U6BCE,593,毎,23
U89E3,594,解,23
U6B8B,595,残,23
U9022,596,逢,23
U5FC5,597,必,23
U899A,598,覚,23
U7A74,599,穴,23
U63DA,600,揚,23
U9662,601,院,23
U57CE,602,城,23
U983C,603,頼,23
U9F3B,604,鼻,23
U7B46,605,筆,23
U84EE,606,蓮,23
U96B1,607,隱,23
U6D88,608,消,22
U5E8A,609,床,22
U90F7,610,郷,22
U9AA8,611,骨,22
U7D00,612,紀,22
U907A,613,遺,22
U6BDB,614,毛,22
U6B4E,615,歎,22
U793C,616,礼,22
U8352,617,荒,22
U51E1,618,凡,22
U5BD0,619,寐,22
U6B69,620,歩,22
U5149,621,光,22
U6B98,622,殘,22
U7A4D,623,積,22
U826F,624,良,22
U5FD8,625,忘,22
U885B,626,衛,22
U5F10,627,弐,22
U8CB7,628,買,22
U8836,629,蠶,22
U968F,630,随,22
U795D,631,祝,22
U7F6A,632,罪,22
U7AEF,633,端,22
U6700,634,最,21
U670D,635,服,21
U6050,636,恐,21
U8DA3,637,趣,21
U7531,638,由,21
U5F71,639,影,21
U6559,640,教,21
U89BA,641,覺,21
U516C,642,公,21
U7BB8,643,箸,21
U529B,644,力,21
U84B8,645,蒸,21
U6F22,646,漢,21
U8C4A,647,豊,21
U5247,648,則,21
U7C60,649,籠,21
U5E36,650,帶,21
U6E1B,651,減,21
U653E,652,放,21
U4F1D,653,伝,21
U672A,654,未,21
U4F59,655,余,20
U971C,656,霜,20
U6B8A,657,殊,20
U5144,658,兄,20
U9EB8,659,麸,20
U679A,660,枚,20
U517C,661,兼,20
U984F,662,顏,20
U4F11,663,休,20
U4F7F,664,使,20
U9001,665,送,20
U5C3D,666,尽,20
U62FE,667,拾,20
U5C3B,668,尻,20
U7D04,669,約,20
U7D72,670,絲,20
U8208,671,興,20
U9B92,672,鮒,20
U7532,673,甲,20
U4F8B,674,例,20
U771E,675,眞,20
U6975,676,極,20
U706F,677,灯,20
U6B62,678,止,20
U6696,679,暖,20
U4F0F,680,伏,19
U7897,681,碗,19
U8AD6,682,論,19
U4EC1,683,仁,19
U82BD,684,芽,19
U4E9B,685,些,19
U7B54,686,答,19
U60DC,687,惜,19
U7D0D,688,納,19
U6751,689,村,19
U68DA,690,棚,19
U4453,691,䑓,19
U8ECA,692,車,19
U9EBB,693,麻,19
U4EAD,694,亭,19
U7D93,695,經,19
U8D70,696,走,19
U67F3,697,柳,19
U7687,698,皇,19
U9020,699,造,19
U639B,700,掛,19
U8ACB,701,請,19
U53E5,702,句,19
U52B4,703,労,18
U64AD,704,播,18
U5BB5,705,宵,18
U7720,706,眠,18
U88CF,707,裏,18
U5CA9,708,岩,18
U5B63,709,季,18
U99B4,710,馴,18
U5B87,711,宇,18
U793E,712,社,18
U81E3,713,臣,18
U4E5E,714,乞,18
U5236,715,制,18
U8003,716,考,18
U5E95,717,底,18
U5426,718,否,18
U7559,719,留,18
U7683,720,皃,18
U85CF,721,藏,18
U6E29,722,温,18
U675F,723,束,18
U6CC9,724,泉,18
U8F29,725,輩,18
U574A,726,坊,18
U618E,727,憎,18
U756A,728,番,18
U83CA,729,菊,18
U6D6A,730,浪,17
U80CC,731,背,17
U6D45,732,浅,17
U5301,733,匁,17
U91E3,734,釣,17
U8535,735,蔵,17
U4EF0,736,仰,17
U624D,737,才,17
U5B5D,738,孝,17
U5EE3,739,廣,17
U4EA4,740,交,17
U6C37,741,氷,17
U96C0,742,雀,17
U9854,743,顔,17
U8CCA,744,賊,17
U7BED,745,篭,17
U929A,746,銚,17
U5E7E,747,幾,17
U66F2,748,曲,17
U7B4B,749,筋,17
U73CD,750,珍,17
U8846,751,衆,17
U964D,752,降,17
U7518,753,甘,17
U8ABF,754,調,17
U72C2,755,狂,17
U5373,756,即,17
U70CF,757,烏,17
U690E,758,椎,17
U53CB,759,友,17
U70AD,760,炭,17
U5377,761,卷,17
U8CAC,762,責,17
U4E26,763,並,17
U60E3,764,惣,17
U4F53,765,体,17
U5718,766,團,17
U5802,767,堂,17
U7F85,768,羅,17
U5009,769,倉,16
U9650,770,限,16
U70B9,771,点,16
U4E57,772,乗,16
U6065,773,恥,16
U8FCE,774,迎,16
U6E80,775,満,16
U5909,776,変,16
U6D3B,777,活,16
U8150,778,腐,16
U567A,779,噺,16
U7AE5,780,童,16
U6DFB,781,添,16
U63D0,782,提,16
U6817,783,栗,16
U6A2A,784,横,16
U65E2,785,既,16
U8CA7,786,貧,16
U914D,787,配,16
U85E4,788,藤,16
U636E,789,据,16
U8A31,790,許,16
U5305,791,包,16
U888B,792,袋,16
U8E0F,793,踏,16
U5931,794,失,16
U796D,795,祭,16
U66F0,796,曰,16
U6797,797,林,15
U4E71,798,乱,15
U6761,799,条,15
U53F8,800,司,15
U5FCD,801,忍,15
U61C9,802,應,15
U96A3,803,隣,15
U7D4C,804,経,15
U8ED2,805,軒,15
U6383,806,掃,15
U4E88,807,予,15
U56D8,808,囘,15
U518D,809,再,15
U5BB9,810,容,15
U7B20,811,笠,15
U81E5,812,臥,15
U5999,813,妙,15
U8F2A,814,輪,15
U529F,815,功,15
U65AD,816,断,15
U8F9B,817,辛,15
U514E,818,兎,15
U5BC6,819,密,15
U6D66,820,浦,15
U732B,821,猫,15
U627F,822,承,15
U72EC,823,独,15
U88FD,824,製,15
U798F,825,福,15
U8471,826,葱,15
U6C99,827,沙,15
U6FF1,828,濱,15
U63C3,829,揃,15
U8278,830,艸,15
U8107,831,脇,15
U5546,832,商,15
U91AC,833,醬,15
U8FFD,834,追,15
U969C,835,障,14
U5BA4,836,室,14
U86C7,837,蛇,14
U501F,838,借,14
U6355,839,捕,14
U5947,840,奇,14
U7D0B,841,紋,14
U5074,842,側,14
U671B,843,望,14
U5C0A,844,尊,14
U7D76,845,絶,14
U4F9B,846,供,14
U582A,847,堪,14
U5967,848,奧,14
U5B58,849,存,14
U559C,850,喜,14
U96A0,851,隠,14
U576A,852,坪,14
U622F,853,戯,14
U52E4,854,勤,14
U5169,855,兩,14
U7027,856,瀧,14
U8A6E,857,詮,14
U6A21,858,模,14
U8CDE,859,賞,14
U8FB2,860,農,14
U6DFA,861,淺,14
U5E78,862,幸,14
U9054,863,達,14
U5CA1,864,岡,14
U963F,865,阿,14
U8868,866,表,14
U820E,867,舎,14
U4E92,868,互,14
U5800,869,堀,14
U59DC,870,姜,14
U5DFE,871,巾,14
U6C42,872,求,14
U76E1,873,盡,14
U6247,874,扇,14
U4E08,875,丈,14
U8A69,876,詩,14
U7DB2,877,網,14
U6B32,878,欲,14
U84B2,879,蒲,14
U5DE5,880,工,14
U7834,881,破,13
U75DB,882,痛,13
U647A,883,摺,13
U76C6,884,盆,13
U5531,885,唱,13
U4FDD,886,保,13
U7A40,887,穀,13
U4F1A,888,会,13
U508D,889,傍,13
U908A,890,邊,13
U71B1,891,熱,13
U8B70,892,議,13
U751A,893,甚,13
U6E90,894,源,13
U7232,895,爲,13
U829D,896,芝,13
U6C5D,897,汝,13
U6CE5,898,泥,13
U59EB,899,姫,13
U7D79,900,絹,13
U6CCA,901,泊,13
U9694,902,隔,13
U5E2F,903,帯,13
U9D8F,904,鶏,13
U5451,905,呑,13
U6674,906,晴,13
U604B,907,恋,13
U5152,908,兒,13
U62B1,909,抱,13
U719F,910,熟,13
U76D7,911,盗,13
U5834,912,場,13
U8A13,913,訓,13
U868A,914,蚊,13
U5FFD,915,忽,13
U7E6A,916,繪,13
U56F0,917,困,12
U79BF,918,禿,12
U6613,919,易,12
U661F,920,星,12
U9DF9,921,鷹,12
U9806,922,順,12
U7070,923,灰,12
U96C1,924,雁,12
U5E84,925,庄,12
U4E32,926,串,12
U67F4,927,柴,12
U6043,928,恃,12
U690D,929,植,12
U53D7,930,受,12
U7A93,931,窓,12
U4EA6,932,亦,12
U60E1,933,惡,12
U8CE2,934,賢,12
U958B,935,開,12
U4ECF,936,仏,12
U9BAD,937,鮭,12
U544A,938,告,12
U9332,939,録,12
U7CA5,940,粥,12
U5E96,941,庖,12
U59B9,942,妹,12
U611F,943,感,12
U8981,944,要,12
U821E,945,舞,12
U88AB,946,被,12
U7709,947,眉,12
U6094,948,悔,12
U65BC,949,於,12
U81BE,950,膾,12
U5E2D,951,席,12
U611A,952,愚,12
U91CF,953,量,12
U6606,954,昆,12
U808C,955,肌,12
U6DCB,956,淋,12
U7368,957,獨,12
U78E8,958,磨,12
U5E76,959,并,12
U54C0,960,哀,11
U5831,961,報,11
U711A,962,焚,11
U6A5F,963,機,11
U7591,964,疑,11
U4E0E,965,与,11
U5047,966,假,11
U5BF6,967,寶,11
U9CE9,968,鳩,11
U8302,969,茂,11
U76E4,970,盤,11
U98EE,971,飮,11
U9E97,972,麗,11
U519D,973,冝,11
U64B0,974,撰,11
U6691,975,暑,11
U5EB5,976,庵,11
U57A3,977,垣,11
U77ED,978,短,11
U6F38,979,漸,11
U7D20,980,素,11
U5E02,981,市,11
U6575,982,敵,11
U61D0,983,懐,11
U5B97,984,宗,11
U5C13,985,尓,11
U8776,986,蝶,11
U71D2,987,燒,11
U96D1,988,雑,11
U697D,989,楽,11
U5B98,990,官,11
U8FBB,991,辻,11
U5FE0,992,忠,11
U80B2,993,育,11
U7A32,994,稲,11
U5100,995,儀,11
U685C,996,桜,11
U8FDA,997,迚,11
U63A5,998,接,11
U5B9B,999,宛,11
U754C,1000,界,11
U8A73,1001,詳,11
U722A,1002,爪,11
U8CA0,1003,負,11
U8840,1004,血,11
U683C,1005,格,11
U7E04,1006,縄,11
U5A46,1007,婆,11
U52FF,1008,勿,11
U8A3C,1009,証,11
U9014,1010,途,11
U7159,1011,煙,11
U5F92,1012,徒,11
U5F31,1013,弱,11
U4E7E,1014,乾,10
U81FC,1015,臼,10
U4E80,1016,亀,10
U6687,1017,暇,10
U7092,1018,炒,10
U9664,1019,除,10
U4FF3,1020,俳,10
U5F13,1021,弓,10
U6068,1022,恨,10
U820C,1023,舌,10
U6417,1024,搗,10
U71D5,1025,燕,10
U78EF,1026,磯,10
U819D,1027,膝,10
U59AC,1028,妬,10
U718A,1029,熊,10
U9813,1030,頓,10
U56F2,1031,囲,10
U5ACC,1032,嫌,10
U87F9,1033,蟹,10
UFA55,1034,突,10
U5F25,1035,弥,10
U6BBA,1036,殺,10
U54B2,1037,咲,10
U51F6,1038,凶,10
U71C8,1039,燈,10
U71AC,1040,熬,10
U6E08,1041,済,10
U6A39,1042,樹,10
U96C5,1043,雅,10
U5272,1044,割,10
U786F,1045,硯,10
U629C,1046,抜,10
U60E0,1047,惠,10
U7BE4,1048,篤,10
U5C1A,1049,尚,10
U4EA1,1050,亡,10
U640D,1051,損,10
U9B42,1052,魂,10
U5F0F,1053,式,10
U5370,1054,印,10
U5C3C,1055,尼,10
U9748,1056,靈,10
U6D99,1057,涙,10
U66AB,1058,暫,10
UFA11,1059,﨑,10
U7167,1060,照,10
U96C9,1061,雉,10
U73FE,1062,現,10
U5716,1063,圖,10
U6703,1064,會,10
U8304,1065,茄,10
U9DB4,1066,鶴,10
U83EF,1067,華,10
U842C,1068,萬,10
U63A1,1069,採,10
U6731,1070,朱,10
U8276,1071,艶,10
U5DEE,1072,差,10
U518A,1073,冊,10
U5993,1074,妓,10
U541F,1075,吟,10
U6069,1076,恩,10
U6756,1077,杖,10
U632F,1078,振,10
U63C9,1079,揉,10
U5750,1080,坐,9
U9019,1081,這,9
U79C0,1082,秀,9
U82D4,1083,苔,9
U83E9,1084,菩,9
U7948,1085,祈,9
U8B80,1086,讀,9
U7ADC,1087,竜,9
U5E33,1088,帳,9
U74F6,1089,瓶,9
U90E1,1090,郡,9
U9154,1091,酔,9
U50BE,1092,傾,9
U82D7,1093,苗,9
U755C,1094,畜,9
U95C7,1095,闇,9
U500B,1096,個,9
U5CB8,1097,岸,9
U85C1,1098,藁,9
U758A,1099,疊,9
U8FF7,1100,迷,9
U8FEF,1101,迯,9
U91DC,1102,釜,9
U5BB3,1103,害,9
U6295,1104,投,9
U58C1,1105,壁,9
U5442,1106,呂,9
U5012,1107,倒,9
U5374,1108,却,9
U5BFE,1109,対,9
U4E3C,1110,丼,9
U676F,1111,杯,9
U76CA,1112,益,9
U552F,1113,唯,9
U5F01,1114,弁,9
U667A,1115,智,9
U6234,1116,戴,9
U7345,1117,獅,9
U5FCC,1118,忌,9
U5E61,1119,幡,9
U583A,1120,堺,9
U4E14,1121,且,9
U8655,1122,處,9
U98E2,1123,飢,9
U5C0D,1124,對,9
U5348,1125,午,9
U8CE4,1126,賤,9
U938C,1127,鎌,9
U9EA5,1128,麥,9
U5224,1129,判,9
U8377,1130,荷,9
U4EFB,1131,任,9
U9418,1132,鐘,9
U9B8E,1133,鮎,9
U7E23,1134,縣,9
U9632,1135,防,9
U904B,1136,運,9
U52D8,1137,勘,9
U8CCE,1138,賎,9
U8CB0,1139,貰,9
U820A,1140,舊,9
U7C21,1141,簡,9
U5857,1142,塗,9
U60D1,1143,惑,9
U57CB,1144,埋,9
U5C48,1145,屈,9
U5F79,1146,役,9
U52D5,1147,動,9
U809D,1148,肝,9
U6563,1149,散,9
U8056,1150,聖,9
U6C70,1151,汰,9
U5CEF,1152,峯,9
U7FFC,1153,翼,9
U8CA1,1154,財,9
U8C9E,1155,貞,9
U865A,1156,虚,9
U7562,1157,畢,9
U66FD,1158,曽,9
U9A5A,1159,驚,9
U8494,1160,蒔,9
U5EF6,1161,延,9
U79AA,1162,禪,9
U6669,1163,晩,9
U6628,1164,昨,9
U767B,1165,登,9
U9000,1166,退,8
U5345,1167,卅,8
U60F3,1168,想,8
U6A02,1169,樂,8
U540E,1170,后,8
U5C65,1171,履,8
U5410,1172,吐,8
U77E2,1173,矢,8
U6E56,1174,湖,8
U6442,1175,摂,8
U5404,1176,各,8
U9957,1177,饗,8
U9640,1178,陀,8
U846C,1179,葬,8
U60DA,1180,惚,8
U8AE7,1181,諧,8
U9326,1182,錦,8
U7C00,1183,簀,8
U4F34,1184,伴,8
U7E41,1185,繁,8
U9F8D,1186,龍,8
U7567,1187,畧,8
U93E1,1188,鏡,8
U5F66,1189,彦,8
U758E,1190,疎,8
U5E7C,1191,幼,8
U8AA4,1192,誤,8
U6C88,1193,沈,8
U4E58,1194,乘,8
U753B,1195,画,8
U6028,1196,怨,8
U4E73,1197,乳,8
U5352,1198,卒,8
U653F,1199,政,8
U8A2A,1200,訪,8
U767A,1201,発,8
U53EB,1202,叫,8
U6843,1203,桃,8
U4EEE,1204,仮,8
U90AA,1205,邪,8
U62E0,1206,拠,8
U56DE,1207,回,8
U5618,1208,嘘,8
U7956,1209,祖,8
U91DD,1210,針,8
U7F8A,1211,羊,8
U7A42,1212,穂,8
U7B48,1213,筈,8
U6C96,1214,沖,8
U7B52,1215,筒,8
U4FC4,1216,俄,8
U767C,1217,發,8
U5CF6,1218,島,8
U6284,1219,抄,8
U98F2,1220,飲,8
U50AC,1221,催,8
U4EF2,1222,仲,8
U694A,1223,楊,8
U8FFA,1224,迺,8
U5883,1225,境,8
U9589,1226,閉,8
U7C95,1227,粕,8
U6016,1228,怖,8
U67FF,1229,柿,8
U6D44,1230,浄,8
U52E7,1231,勧,8
U7AE0,1232,章,8
U86D9,1233,蛙,8
U514D,1234,免,8
U702C,1235,瀬,8
U5118,1236,儘,8
U9699,1237,隙,8
U5A6C,1238,婬,8
U7DDA,1239,線,8
U86E4,1240,蛤,8
U69CB,1241,構,7
U6E7F,1242,湿,7
U5713,1243,圓,7
U51C9,1244,凉,7
U9045,1245,遅,7
U7BE9,1246,篩,7
U89A7,1247,覧,7
U7CE0,1248,糠,7
U9BAE,1249,鮮,7
U5C90,1250,岐,7
U58A8,1251,墨,7
U7CDF,1252,糟,7
U616E,1253,慮,7
U8853,1254,術,7
U53C3,1255,參,7
U80F4,1256,胴,7
U7CA7,1257,粧,7
U5AC9,1258,嫉,7
U65A4,1259,斤,7
U4FEE,1260,修,7
U8718,1261,蜘,7
U537F,1262,卿,7
U9781,1263,鞁,7
U5C4F,1264,屏,7
U666F,1265,景,7
U862D,1266,蘭,7
U5B6B,1267,孫,7
U6F01,1268,漁,7
U7099,1269,炙,7
U85AA,1270,薪,7
U5F9E,1271,從,7
U4EE4,1272,令,7
U5DE7,1273,巧,7
U7FEB,1274,翫,7
U5BF3,1275,寳,7
U79AE,1276,禮,7
U7C9F,1277,粟,7
U671F,1278,期,7
U56FA,1279,固,7
U697C,1280,楼,7
U7169,1281,煩,7
U52FA,1282,勺,7
U5036,1283,倶,7
U72D0,1284,狐,7
U6182,1285,憂,7
U67AF,1286,枯,7
U6271,1287,扱,7
U5951,1288,契,7
U5B78,1289,學,7
U6176,1290,慶,7
U804A,1291,聊,7
U9808,1292,須,7
U5BE6,1293,實,7
U65E7,1294,旧,7
U839E,1295,莞,7
U689D,1296,條,7
U5DF2,1297,已,7
U9591,1298,閑,7
U98FD,1299,飽,7
U86FE,1300,蛾,7
U8B02,1301,謂,7
U8AFA,1302,諺,7
U7B39,1303,笹,7
U8B49,1304,證,7
U7981,1305,禁,7
U770B,1306,看,7
U5805,1307,堅,7
U9298,1308,銘,7
U5E97,1309,店,7
U6939,1310,椹,7
U7B0B,1311,笋,7
U57F7,1312,執,7
U8CAF,1313,貯,7
U53F7,1314,号,7
U8A2D,1315,設,7
U99B3,1316,馳,7
U99C4,1317,駄,7
U76DC,1318,盜,7
U536F,1319,卯,7
U6804,1320,栄,7
U9685,1321,隅,6
U6F09,1322,漉,6
U8429,1323,萩,7
U7078,1324,灸,6
U5215,1325,刕,7
U83F4,1326,菴,6
U5302,1327,匂,6
U901F,1328,速,7
U99C8,1329,駈,7
U8F9E,1330,辞,6
U5B09,1331,嬉,7
U6D78,1332,浸,6
U9B22,1333,鬢,7
U82DE,1334,苞,7
U6D74,1335,浴,6
U5C31,1336,就,6
U6B6F,1337,歯,6
U7D9A,1338,続,6
U7ADF,1339,竟,7
U6D32,1340,洲,6
U8A8D,1341,認,7
U6578,1342,數,7
U52DE,1343,勞,6
U5962,1344,奢,7
U53F2,1345,史,7
U9B54,1346,魔,6
U9D2C,1347,鴬,6
U96E2,1348,離,7
U602A,1349,怪,7
U59D3,1350,姓,7
U9818,1351,領,6
U91C8,1352,釈,6
U7434,1353,琴,6
U6AFB,1354,櫻,7
U854E,1355,蕎,7
U9D89,1356,鶉,6
U9244,1357,鉄,6
U4EF6,1358,件,7
U5E0C,1359,希,6
U6C60,1360,池,6
U5504,1361,唄,6
U7BA1,1362,管,7
U4FEF,1363,俯,7
U96CC,1364,雌,6
U523A,1365,刺,7
U5BDD,1366,寝,7
U9C39,1367,鰹,6
U9451,1368,鑑,6
U99D5,1369,駕,6
U7384,1370,玄,6
U755D,1371,畝,6
U6539,1372,改,6
U7AAE,1373,窮,6
U5ED3,1374,廓,6
U7E21,1375,縡,6
U63BB,1376,掻,6
U6190,1377,憐,6
U5948,1378,奈,6
U6276,1379,扶,6
U7261,1380,牡,6
U62DC,1381,拜,6
U7544,1382,畄,6
U675C,1383,杜,6
U75B5,1384,疵,6
U5D07,1385,崇,6
U62CD,1386,拍,6
U6590,1387,斐,6
U7CDE,1388,糞,6
U5E1D,1389,帝,6
U67D0,1390,某,6
U7C92,1391,粒,6
U6D5C,1392,浜,6
U7C3E,1393,簾,6
U7A1A,1394,稚,6
U65CF,1395,族,6
U7FA4,1396,群,6
U975C,1397,靜,6
U8ECD,1398,軍,6
U8A82,1399,誂,6
U8A98,1400,誘,6
U8B58,1401,識,6
U8B6C,1402,譬,6
U8B77,1403,護,6
U8CA2,1404,貢,6
U5782,1405,垂,6
U8457,1406,著,6
U5897,1407,増,6
U4F10,1408,伐,6
U542B,1409,含,6
U9D2B,1410,鴫,6
U8207,1411,與,6
U4FF5,1412,俵,6
U9304,1413,錄,6
U4F2F,1414,伯,6
U548E,1415,咎,6
U85E5,1416,藥,6
U9017,1417,逗,6
U5875,1418,塵,6
U81ED,1419,臭,6
U969B,1420,際,6
U5B9D,1421,宝,6
U733F,1422,猿,6
U5C61,1423,屡,6
U85FB,1424,藻,6
U5FEB,1425,快,6
U67F1,1426,柱,6
U6715,1427,朕,6
U7965,1428,祥,6
U55A7,1429,喧,6
U672D,1430,札,6
U6562,1431,敢,6
U5FD9,1432,忙,6
U72FC,1433,狼,6
U53AD,1434,厭,6
U79D1,1435,科,6
U834A,1436,荊,6
U852D,1437,蔭,6
U5468,1438,周,6
U9707,1439,震,6
U6089,1440,悉,6
U6170,1441,慰,6
U62F6,1442,拶,6
U84EC,1443,蓬,6
U74E2,1444,瓢,6
U5C01,1445,封,6
U62ED,1446,拭,6
U87BA,1447,螺,6
U9810,1448,預,6
U617E,1449,慾,6
U7FD2,1450,習,6
U5609,1451,嘉,6
U6328,1452,挨,6
U673D,1453,朽,6
U9D08,1454,鴈,6
U71D7,1455,燗,6
U76F2,1456,盲,6
U6E2C,1457,測,6
U6E20,1458,渠,6
U6155,1459,慕,6
U5B22,1460,嬢,6
U5712,1461,園,6
U4EAB,1462,享,6
U6148,1463,慈,6
U8FF0,1464,述,6
U9192,1465,醒,6
U51A0,1466,冠,6
U7DD2,1467,緒,6
U9F9D,1468,龝,6
U9189,1469,醉,6
U8F09,1470,載,6
U914C,1471,酌,6
U6CAB,1472,沫,6
U8CEA,1473,質,6
U58FA,1474,壺,6
U9119,1475,鄙,6
U8CAA,1476,貪,6
U8557,1477,蕗,6
U5FA9,1478,復,6
U7E2B,1479,縫,6
U5DE3,1480,巣,6
U6232,1481,戲,6
U8A93,1482,誓,6
U9EDE,1483,點,6
U5EAB,1484,庫,6
U58F7,1485,壷,6
U592E,1486,央,6
U8B7D,1487,譽,6
U95A8,1488,閨,6
U6FC1,1489,濁,6
U6C72,1490,汲,6
U660C,1491,昌,5
U63A8,1492,推,5
U7A00,1493,稀,5
U9AD4,1494,體,5
U5629,1495,嘩,5
U820D,1496,舍,5
U8463,1497,董,5
U7A3D,1498,稽,5
U8305,1499,茅,5
U9BE8,1500,鯨,5
U6589,1501,斉,5
U5B66,1502,学,5
U830E,1503,茎,5
U5AC1,1504,嫁,5
U6EC5,1505,滅,5
U8569,1506,蕩,5
U72B6,1507,状,5
U5098,1508,傘,5
U71ED,1509,燭,5
U8A55,1510,評,5
U5351,1511,卑,5
U5320,1512,匠,5
U50E5,1513,僥,5
U52D9,1514,務,5
U6DE8,1515,淨,5
U6DE1,1516,淡,5
U8E0A,1517,踊,5
U5EDF,1518,廟,5
U6ADB,1519,櫛,5
U5243,1520,剃,5
U6C5A,1521,汚,5
U9091,1522,邑,5
U9010,1523,逐,5
U9072,1524,遲,5
U6842,1525,桂,5
U96EB,1526,雫,5
U85AE,1527,薮,5
U88E1,1528,裡,5
U66D9,1529,曙,5
U7624,1530,瘤,5
U75E9,1531,痩,5
U5C02,1532,専,5
U66FE,1533,曾,5
U5C07,1534,將,5
U984D,1535,額,5
U86AB,1536,蚫,5
U5016,1537,倖,5
U7551,1538,畑,5
U6753,1539,杓,5
U87A2,1540,螢,5
U9769,1541,革,5
U970A,1542,霊,5
U53CD,1543,反,5
U88B4,1544,袴,5
U5FDC,1545,応,5
U63A2,1546,探,5
U9855,1547,顕,5
U6BBC,1548,殼,5
U7E70,1549,繰,5
U4E4E,1550,乎,5
U7C7E,1551,籾,5
U4E82,1552,亂,5
U8131,1553,脱,5
U5983,1554,妃,5
U6241,1555,扁,5
U7BC7,1556,篇,5
U8077,1557,職,5
U58F2,1558,売,5
U628A,1559,把,5
U6311,1560,挑,5
U7DB1,1561,綱,5
U7E69,1562,繩,5
U62C2,1563,拂,5
U5937,1564,夷,5
U7E2E,1565,縮,5
U6EFF,1566,滿,5
U5F83,1567,徃,5
U609F,1568,悟,5
U5C4A,1569,届,5
U59D1,1570,姑,5
U9594,1571,閔,5
U7CE7,1572,糧,5
U61F7,1573,懷,5
U6E9C,1574,溜,5
U8CD1,1575,賑,5
U67C4,1576,柄,5
U6E4A,1577,湊,5
U82B9,1578,芹,5
U9867,1579,顧,5
U58FD,1580,壽,5
U817F,1581,腿,5
U50DE,1582,僞,5
U596A,1583,奪,5
U87C4,1584,蟄,5
U7259,1585,牙,5
U5D29,1586,崩,5
U8A0E,1587,討,5
U68A2,1588,梢,5
U8A3B,1589,註,5
U68A8,1590,梨,5
U6012,1591,怒,5
U6714,1592,朔,5
U5B5F,1593,孟,5
U9322,1594,錢,5
U58DF,1595,壟,5
U79FB,1596,移,5
U6727,1597,朧,5
U5A01,1598,威,5
U5353,1599,卓,5
U9B93,1600,鮓,5
U927E,1601,鉾,5
U5A5A,1602,婚,5
U8EB0,1603,躰,5
U5BA5,1604,宥,5
U51A5,1605,冥,5
U4FAD,1606,侭,5
U4E8E,1607,于,5
U8218,1608,舘,5
U8F3F,1609,輿,5
U6C7A,1610,決,5
U85AF,1611,薯,5
U5208,1612,刈,5
U9006,1613,逆,5
U7E4B,1614,繋,5
U9041,1615,遁,5
U4F76,1616,佶,5
U9A19,1617,騙,5
U6BCB,1618,毋,5
U5230,1619,到,5
U5BDF,1620,察,5
U6697,1621,暗,5
U6A3D,1622,樽,5
U4EA5,1623,亥,5
U8E44,1624,蹄,5
U8D66,1625,赦,5
U6D3E,1626,派,5
U57A2,1627,垢,5
U65BD,1628,施,5
U9C2D,1629,鰭,5
U5EFA,1630,建,5
U52AA,1631,努,5
U74E6,1632,瓦,4
U585E,1633,塞,4
U9727,1634,霧,4
U982C,1635,頬,4
U971E,1636,霞,4
U8102,1637,脂,4
U54ED,1638,哭,4
U5BC5,1639,寅,4
U80C6,1640,胆,4
U990C,1641,餌,4
U856A,1642,蕪,4
U99C5,1643,駅,4
U75BE,1644,疾,4
U80A9,1645,肩,4
U5996,1646,妖,4
U4FA0,1647,侠,4
U8766,1648,蝦,4
U9E81,1649,麁,4
U983B,1650,頻,4
U674E,1651,李,4
U73E0,1652,珠,4
U62DD,1653,拝,4
U7560,1654,畠,4
U500D,1655,倍,4
U9DC4,1656,鷄,4
U50CD,1657,働,4
U639F,1658,掟,4
U8882,1659,袂,4
U932B,1660,錫,4
U6A19,1661,標,4
U6DF5,1662,淵,4
U6A58,1663,橘,4
U6DBC,1664,涼,4
U6DAF,1665,涯,4
U5186,1666,円,4
U6D1B,1667,洛,4
U7E7B,1668,繻,4
U51A8,1669,冨,4
U7DEC,1670,緬,4
U6CC1,1671,況,4
U6CBC,1672,沼,4
U7DF4,1673,練,4
U5E8F,1674,序,4
U51CC,1675,凌,4
U6C57,1676,汗,4
U900F,1677,透,4
U9042,1678,遂,4
U9059,1679,遙,4
U9069,1680,適,4
U6E3E,1681,渾,4
U8CDC,1682,賜,4
U8CB8,1683,貸,4
U8ACC,1684,諌,4
U88B7,1685,袷,4
U88DD,1686,裝,4
U72F8,1687,狸,4
U72ED,1688,狭,4
U5085,1689,傅,4
U8986,1690,覆,4
U535C,1691,卜,4
U7FA8,1692,羨,4
U8AB2,1693,課,4
U585A,1694,塚,4
U6F0F,1695,漏,4
U708A,1696,炊,4
U68EE,1697,森,4
U620C,1698,戌,4
U4E11,1699,丑,4
U50D5,1700,僕,4
U8B83,1701,讃,4
U6F54,1702,潔,4
U9F4B,1703,齋,4
U5E37,1704,帷,4
U9A37,1705,騷,4
U7CFA,1706,糺,4
U4F3D,1707,伽,4
U57D2,1708,埒,4
U9C2F,1709,鰯,4
U65B7,1710,斷,4
U6162,1711,慢,4
U82A6,1712,芦,4
U7A7F,1713,穿,4
U8475,1714,葵,4
U9B1F,1715,鬟,4
U4EC7,1716,仇,4
U60A6,1717,悦,4
U8178,1718,腸,4
U839A,1719,莚,4
U652F,1720,支,4
U5BB4,1721,宴,4
U6551,1722,救,4
U4F38,1723,伸,4
U60A3,1724,患,4
U82A5,1725,芥,4
U7B1B,1726,笛,4
U81BD,1727,膽,4
U7947,1728,祇,4
U7B95,1729,箕,4
U59BE,1730,妾,4
U83C5,1731,菅,4
U683D,1732,栽,4
U62D9,1733,拙,4
U96A8,1734,隨,4
U5026,1735,倦,4
U6850,1736,桐,4
U89C0,1737,觀,4
U8996,1738,視,4
U507D,1739,偽,4
U9688,1740,隈,4
U674F,1741,杏,4
U541D,1742,吝,4
U71C3,1743,燃,4
U838A,1744,莊,4
U502D,1745,倭,4
U72AC,1746,犬,4
U72A2,1747,犢,4
U7363,1748,獣,4
U8155,1749,腕,4
U7D10,1750,紐,4
U7D17,1751,紗,4
U88F3,1752,裳,4
U9EBA,1753,麺,4
U9BA8,1754,鮨,4
U67D1,1755,柑,4
U8870,1756,衰,4
U9BD6,1757,鯖,4
U72E9,1758,狩,4
U658E,1759,斎,4
U6816,1760,栖,4
U9B6F,1761,魯,4
U5CF0,1762,峰,4
U6020,1763,怠,4
U5DE8,1764,巨,4
U6607,1765,昇,4
U7126,1766,焦,4
U6458,1767,摘,4
U8DEA,1768,跪,4
U7E94,1769,纔,4
U6B0A,1770,權,4
U7DCB,1771,緋,4
U8E8D,1772,躍,4
U6CE8,1773,注,4
U9C57,1774,鱗,4
U51B6,1775,冶,4
U8F15,1776,輕,4
U9C78,1777,鱸,4
U90ED,1778,郭,4
U8FF9,1779,迹,4
U9003,1780,逃,4
U6B96,1781,殖,4
U7E1B,1782,縛,4
U5203,1783,刃,4
U7E45,1784,繅,4
U5E9C,1785,府,4
U904D,1786,遍,4
U91D8,1787,釘,4
U9234,1788,鈴,4
U60A9,1789,悩,4
U7A81,1790,突,4
U8ADA,1791,諚,4
U95DC,1792,關,4
U8B00,1793,謀,4
U707D,1794,災,4
U97FF,1795,響,4
U64F2,1796,擲,4
U64EC,1797,擬,4
U7F77,1798,罷,4
U6F70,1799,潰,4
U64CD,1800,操,4
U64B2,1801,撲,4
U7A3F,1802,稿,4
U8CBB,1803,費,4
U5112,1804,儒,4
U8CC3,1805,賃,4
U698E,1806,榎,4
U512A,1807,優,4
U7A62,1808,穢,4
U82B8,1809,芸,4
U6734,1810,朴,4
U71E5,1811,燥,4
U864E,1812,虎,4
U9A12,1813,騒,4
U8613,1814,蘓,4
U66C9,1815,曉,4
U984C,1816,題,4
U54B3,1817,咳,4
U4E59,1818,乙,4
U86A4,1819,蚤,4
U86DB,1820,蛛,4
U7CBD,1821,粽,4
U7CC0,1822,糀,4
U55C5,1823,嗅,4
U8521,1824,蔡,4
U633D,1825,挽,4
U9AED,1826,髭,4
U85BA,1827,薺,4
U6666,1828,晦,4
U55DC,1829,嗜,4
U6075,1830,恵,4
U9D5E,1831,鵞,4
U6652,1832,晒,4
U7656,1833,癖,4
U5BE1,1834,寡,4
U849C,1835,蒜,4
U89B3,1836,観,3
U91E1,1837,釡,3
U71F5,1838,燵,3
U6A59,1839,橙,3
U5E7D,1840,幽,3
U8499,1841,蒙,3
U98F4,1842,飴,3
U8A1B,1843,訛,3
U6881,1844,梁,3
U7AC3,1845,竃,3
U8997,1846,覗,3
U7BC9,1847,築,3
U98E9,1848,飩,3
U6294,1849,抔,3
U847A,1850,葺,3
U5BDB,1851,寛,3
U5078,1852,偸,3
U80DE,1853,胞,3
U5384,1854,厄,3
U91AB,1855,醫,3
U6AC3,1856,櫃,3
U6349,1857,捉,3
U7DBE,1858,綾,3
U6F5C,1859,潜,3
U83AB,1860,莫,3
U5D50,1861,嵐,3
U6A80,1862,檀,3
U65EC,1863,旬,3
U8577,1864,蕷,3
U9ECD,1865,黍,3
U7FC5,1866,翅,3
U665D,1867,晝,3
U52C7,1868,勇,3
U5835,1869,堵,3
U85DD,1870,藝,3
U4F4E,1871,低,3
U605F,1872,恟,3
U58F9,1873,壹,3
U594F,1874,奏,3
U5F8B,1875,律,3
U6367,1876,捧,3
U8C8C,1877,貌,3
U5DF4,1878,巴,3
U8C48,1879,豈,3
U9599,1880,閙,3
U8B90,1881,讐,3
U6F5B,1882,潛,3
U5F82,1883,徂,3
U6F64,1884,潤,3
U85A6,1885,薦,3
U69AE,1886,榮,3
U7C83,1887,粃,3
U65E8,1888,旨,3
U6DF7,1889,混,3
U7D39,1890,紹,3
U82AD,1891,芭,3
U9ED8,1892,默,3
U5360,1893,占,3
U666E,1894,普,3
U79E6,1895,秦,3
U68D2,1896,棒,3
U8AAD,1897,読,3
U64AB,1898,撫,3
U9D5C,1899,鵜,3
U7109,1900,焉,3
U6536,1901,收,3
U66B4,1902,暴,3
U58EC,1903,壬,3
U7AC8,1904,竈,3
U7E8C,1905,續,3
U4F9D,1906,依,3
U7460,1907,瑠,3
U795F,1908,祟,3
U9CF0,1909,鳰,3
U9716,1910,霖,3
U7B26,1911,符,3
U8857,1912,街,3
U5893,1913,墓,3
U59D4,1914,委,3
U8F49,1915,轉,3
U59E8,1916,姨,3
U51C6,1917,准,3
U887E,1918,衾,3
U970E,1919,霎,3
U67CF,1920,柏,3
U8FB0,1921,辰,3
U797F,1922,祿,3
U8201,1923,舁,3
U8FE6,1924,迦,3
U81F4,1925,致,3
U9759,1926,静,3
U7B56,1927,策,3
U9802,1928,頂,3
U8431,1929,萱,3
U5824,1930,堤,3
U7B87,1931,箇,3
U5204,1932,刄,3
U566A,1933,噪,3
U877F,1934,蝿,3
U62DB,1935,招,3
U4F73,1936,佳,3
U5B8C,1937,完,3
U6C50,1938,汐,3
U63B4,1939,掴,3
U6591,1940,斑,3
U87C7,1941,蟇,3
U9BA0,1942,鮠,3
U5315,1943,匕,3
U96DC,1944,雜,3
U7B97,1945,算,3
U7AFA,1946,竺,3
U8549,1947,蕉,3
U96F7,1948,雷,3
U623E,1949,戾,3
U4F98,1950,侘,3
U8015,1951,耕,3
U7AFF,1952,竿,3
U84BF,1953,蒿,3
U83B1,1954,莱,3
U80A1,1955,股,3
U5C08,1956,專,3
U5E83,1957,広,3
U72D7,1958,狗,3
U8F1D,1959,輝,3
U51C4,1960,凄,3
U6B53,1961,歓,3
U9EB9,1962,麹,3
U9C48,1963,鱈,3
U6CB8,1964,沸,3
U7814,1965,研,3
U63FA,1966,揺,3
U8CBC,1967,貼,3
U9C0C,1968,鰌,3
U7B92,1969,箒,3
U5854,1970,塔,3
U9DAF,1971,鶯,3
U5E3D,1972,帽,3
U27752,1973,𧝒,3
U77E3,1974,矣,3
U50F9,1975,價,3
U6F45,1976,潅,3
U614B,1977,態,3
U638C,1978,掌,3
U55AB,1979,喫,3
U9084,1980,還,3
U7A3B,1981,稻,3
U5EC9,1982,廉,3
U695A,1983,楚,3
U5ECA,1984,廊,3
U7DD1,1985,緑,3
U9F13,1986,鼓,3
U5BC2,1987,寂,3
U6681,1988,暁,3
U8CB3,1989,貳,3
U85AB,1990,薫,3
U6982,1991,概,3
U8CC7,1992,資,3
U5E45,1993,幅,3
U9320,1994,錠,3
U99D2,1995,駒,3
U7DB8,1996,綸,3
U555C,1997,啜,3
U76E7,1998,盧,3
U6DC0,1999,淀,3
U9945,2000,饅,3
U557C,2001,啼,3
U52A3,2002,劣,3
U6B74,2003,歴,3
U9F61,2004,齡,3
U5F14,2005,弔,3
U8D08,2006,贈,3
U6CBD,2007,沽,3
U7AC4,2008,竄,3
U5F18,2009,弘,3
U81E8,2010,臨,3
U9F52,2011,齒,3
U8F14,2012,輔,3
U55E3,2013,嗣,3
U5AE9,2014,嫩,3
U623B,2015,戻,3
U5A7F,2016,婿,3
U5F27,2017,弧,3
U7A57,2018,穗,3
U6388,2019,授,3
U641C,2020,搜,3
U55DA,2021,嗚,3
U7DBA,2022,綺,3
U6E8F,2023,溏,3
U5F48,2024,彈,3
U8FB1,2025,辱,3
U6191,2026,憑,3
U6F6E,2027,潮,3
U96D6,2028,雖,3
U88DF,2029,裟,3
U907F,2030,避,3
U88F8,2031,裸,3
U80AF,2032,肯,3
U88FE,2033,裾,3
U5C06,2034,将,3
U96DB,2035,雛,3
U890C,2036,褌,3
U4FCA,2037,俊,3
U4E4F,2038,乏,3
U727D,2039,牽,3
U7D3A,2040,紺,3
U8129,2041,脩,3
U7C8B,2042,粋,3
U9BAB,2043,鮫,3
U75F4,2044,痴,3
U898F,2045,規,3
U6841,2046,桁,3
U5D8C,2047,嶌,3
U7621,2048,瘡,3
U6854,2049,桔,3
U4FC3,2050,促,3
U6173,2051,慳,3
U656C,2052,敬,3
U9B31,2053,鬱,3
U67D8,2054,柘,3
U8706,2055,蜆,3
U5446,2056,呆,3
U4E43,2057,乃,3
U871C,2058,蜜,3
U873B,2059,蜻,3
U9798,2060,鞘,3
U9B4F,2061,魏,3
U86F8,2062,蛸,3
U53F6,2063,叶,3
U6775,2064,杵,3
U83F1,2065,菱,3
U67B8,2066,枸,3
U8852,2067,衒,3
U885D,2068,衝,3
U5C4D,2069,屍,3
U814E,2070,腎,3
U9E93,2071,麓,3
U86C9,2072,蛉,3
U8888,2073,袈,3
U5C5E,2074,属,3
U4E1E,2075,丞,3
U6897,2076,梗,3
U614E,2077,慎,3
U5711,2078,圑,3
U9D59,2079,鵙,3
U5323,2080,匣,3
U6052,2081,恒,3
U5BE9,2082,審,3
U8AF7,2083,諷,3
U5F93,2084,従,3
U4FC2,2085,係,3
U535A,2086,博,3
U7164,2087,煤,3
U8A89,2088,誉,3
U70DF,2089,烟,3
U85EA,2090,藪,3
U8702,2091,蜂,3
U5DEB,2092,巫,3
U8B21,2093,謡,3
U533B,2094,医,3
U9F08,2095,鼈,3
U7D75,2096,絵,3
U6059,2097,恙,3
U7089,2098,炉,3
U50CF,2099,像,3
U8B17,2100,謗,3
U4ECD,2101,仍,3
U8A66,2102,試,3
U6FA4,2103,澤,3
U68D8,2104,棘,3
U6258,2105,托,3
U5DF3,2106,巳,3
U68F9,2107,棹,2
U5109,2108,儉,2
U9453,2109,鑓,2
U6777,2110,杷,2
U68DF,2111,棟,2
U4E89,2112,争,2
U6572,2113,敲,2
U67D4,2114,柔,2
U9B91,2115,鮑,2
U9BCA,2116,鯊,2
U947F,2117,鑿,2
U61C7,2118,懇,2
U6BBB,2119,殻,2
U693D,2120,椽,2
U9A55,2121,驕,2
U660F,2122,昏,2
U633F,2123,挿,2
U51E0,2124,几,2
U9CF3,2125,鳳,2
U51DD,2126,凝,2
U9B45,2127,魅,2
U4FAF,2128,侯,2
U6919,2129,椙,2
U978D,2130,鞍,2
U502B,2131,倫,2
U6212,2132,戒,2
U6021,2133,怡,2
U613C,2134,愼,2
U9B41,2135,魁,2
U62D4,2136,拔,2
U9761,2137,靡,2
U619A,2138,憚,2
U5FDD,2139,忝,2
U5076,2140,偶,2
U50C5,2141,僅,2
U9BF7,2142,鯷,2
U66F3,2143,曳,2
U68C4,2144,棄,2
U4EC0,2145,什,2
U9675,2146,陵,2
U4ED4,2147,仔,2
U9673,2148,陳,2
U6893,2149,梓,2
U6293,2150,抓,2
U50B7,2151,傷,2
U670B,2152,朋,2
U6291,2153,抑,2
U5FAE,2154,微,2
U9909,2155,餉,2
U68A7,2156,梧,2
U68AD,2157,梭,2
U6A1F,2158,樟,2
U9663,2159,陣,2
U9C24,2160,鰤,2
U9285,2161,銅,2
U6838,2162,核,2
U9A57,2163,驗,2
U6414,2164,搔,2
U682A,2165,株,2
U4EDD,2166,仝,2
U67F9,2167,柹,2
U69FF,2168,槿,2
U5F4C,2169,彌,2
U61FA,2170,懺,2
U9DFA,2171,鷺,2
U6B61,2172,歡,2
U96DE,2173,雞,2
U9C52,2174,鱒,2
U9D51,2175,鵑,2
U68D7,2176,棗,2
U9EE8,2177,黨,2
U62AB,2178,披,2
U6249,2179,扉,2
U6B20,2180,欠,2
U936C,2181,鍬,2
U69CC,2182,槌,2
U6101,2183,愁,2
U993B,2184,餻,2
U6A9C,2185,檜,2
U7262,2186,牢,2
U54BD,2187,咽,2
U821C,2188,舜,2
U8B93,2189,讓,2
U5642,2190,噂,2
U7955,2191,祕,2
U5E16,2192,帖,2
U56A2,2193,嚢,2
U56AE,2194,嚮,2
U6FDF,2195,濟,2
U8C61,2196,象,2
U6FE1,2197,濡,2
U5C3F,2198,尿,2
U6FEF,2199,濯,2
U8B72,2200,譲,2
U83F0,2201,菰,2
U822C,2202,般,2
U81CD,2203,臍,2
U5815,2204,堕,2
U8B2B,2205,謫,2
U819A,2206,膚,2
U811A,2207,脚,2
U6E38,2208,游,2
U6E5B,2209,湛,2
U8CD3,2210,賓,2
U87F6,2211,蟶,2
U5BA3,2212,宣,2
U78A7,2213,碧,2
U7B65,2214,筥,2
U78C1,2215,磁,2
U7B75,2216,筵,2
U6F02,2217,漂,2
U6F06,2218,漆,2
U7B6D,2219,筭,2
U846D,2220,葭,2
U5A92,2221,媒,2
U8B1B,2222,講,2
U52C5,2223,勅,2
U723E,2224,爾,2
U53C9,2225,叉,2
U5DAE,2226,嶮,2
U7325,2227,猥,2
U89F8,2228,觸,2
U82F1,2229,英,2
U79E4,2230,秤,2
U7240,2231,牀,2
U5DBD,2232,嶽,2
U72F9,2233,狹,2
U725D,2234,牝,2
U5378,2235,卸,2
U53B3,2236,厳,2
U895F,2237,襟,2
U5CE8,2238,峨,2
U837B,2239,荻,2
U7210,2240,爐,2
U8B19,2241,謙,2
U798D,2242,禍,2
U53D4,2243,叔,2
U887F,2244,衿,2
U7ACA,2245,竊,2
U5C51,2246,屑,2
U7156,2247,煖,2
U8A6B,2248,詫,2
U71A8,2249,熨,2
U7344,2250,獄,2
U8A54,2251,詔,2
U8A50,2252,詐,2
U82B3,2253,芳,2
U8A34,2254,訴,2
U83A7,2255,莧,2
U8395,2256,莕,2
U540A,2257,吊,2
U8CC4,2258,賄,2
U525B,2259,剛,2
U7701,2260,省,2
U6D1E,2261,洞,2
U7573,2262,畳,2
U6D29,2263,洩,2
U5553,2264,啓,2
U5E7F,2265,广,2
U524A,2266,削,2
U5872,2267,塲,2
U76DE,2268,盞,2
U8568,2269,蕨,2
U7566,2270,畦,2
U7FF0,2271,翰,2
U7D1B,2272,紛,2
U5BD3,2273,寓,2
U8526,2274,蔦,2
U76DF,2275,盟,2
U5475,2276,呵,2
U5294,2277,劔,2
U6C93,2278,沓,2
U9078,2279,選,2
U865E,2280,虞,2
U8607,2281,蘇,2
U7DE9,2282,緩,2
U5BFF,2283,寿,2
U6C92,2284,沒,2
U5217,2285,列,2
U6D0B,2286,洋,2
U6CA1,2287,没,2
U86A2,2288,蚢,2
U7F75,2289,罵,2
U8EF8,2290,軸,2
U75AB,2291,疫,2
U758B,2292,疋,2
U803B,2293,耻,2
U8956,2294,襖,2
U8073,2295,聳,2
U751C,2296,甜,2
U8749,2297,蝉,2
U543B,2298,吻,2
U7768,2299,睨,2
U751E,2300,甞,2
U6DEB,2301,淫,2
U540F,2302,吏,2
U8096,2303,肖,2
U805F,2304,聟,2
U77BF,2305,瞿,2
U55B6,2306,営,2
U8DE8,2307,跨,2
U7CEF,2308,糯,2
U7766,2309,睦,2
U542E,2310,吮,2
U605A,2311,恚,2
U788E,2312,碎,2
U79E1,2313,秡,2
U8328,2314,茨,2
U65E0,2315,无,2
U76BA,2316,皺,2
U9AFB,2317,髻,2
U9BD4,2318,鯔,2
U4FAE,2319,侮,2
U840D,2320,萍,2
U56E3,2321,団,2
U7881,2322,碁,2
U9928,2323,館,2
U991D,2324,餝,2
U76B7,2325,皷,2
U9913,2326,餓,2
U79E9,2327,秩,2
U5608,2328,嘈,2
U860B,2329,蘋,2
U7815,2330,砕,2
U83B5,2331,莵,2
U79A6,2332,禦,2
U65D7,2333,旗,2
U9B9F,2334,鮟,2
U6627,2335,昧,2
U5BD4,2336,寔,2
U844E,2337,葎,2
U5589,2338,喉,2
U792B,2339,礫,2
U9A28,2340,騨,2
U664B,2341,晋,2
U5638,2342,嘸,2
U56B4,2343,嚴,2
U56C0,2344,囀,2
U9BA7,2345,鮧,2
U5544,2346,啄,2
U76E5,2347,盥,2
U7985,2348,禅,2
U8500,2349,蔀,2
U7893,2350,碓,2
U83D6,2351,菖,2
U65C1,2352,旁,2
U6566,2353,敦,2
U7761,2354,睡,2
U84FC,2355,蓼,2
U4F3A,2356,伺,2
U6070,2357,恰,2
U6BBD,2358,殽,2
U7A1C,2359,稜,2
U5978,2360,奸,2
U9EBF,2361,麿,2
U8006,2362,耆,2
U8010,2363,耐,2
U9EB5,2364,麵,2
U7CFB,2365,系,2
U9EAA,2366,麪,2
U8058,2367,聘,2
U61A4,2368,憤,2
U7CDD,2369,糝,2
U8074,2370,聴,2
U7CCA,2371,糊,2
U9BF0,2372,鯰,2
U8086,2373,肆,2
U5984,2374,妄,2
U598A,2375,妊,2
U7C98,2376,粘,2
U7C97,2377,粗,2
U9DD7,2378,鷗,2
U80C3,2379,胃,2
U80CE,2380,胎,2
U80E4,2381,胤,2
U6319,2382,挙,2
U7FE0,2383,翠,2
U4E18,2384,丘,2
U7FB9,2385,羹,2
U7D35,2386,紵,2
U6230,2387,戰,2
U7E26,2388,縦,2
U7DFB,2389,緻,2
U7E7C,2390,繼,2
U9F9C,2391,龜,2
U7E8F,2392,纏,2
U7F3A,2393,缺,2
U7D99,2394,継,2
U7F70,2395,罰,2
U9F3E,2396,鼾,2
U7F78,2397,罸,2
U7D71,2398,統,2
U7D68,2399,絨,2
U7D5E,2400,絞,2
U7F94,2401,羔,2
U9EE0,2402,黠,2
U620A,2403,戊,2
U5954,2404,奔,2
U6280,2405,技,2
U5955,2406,奕,2
U7FAE,2407,羮,2
U7C43,2408,籃,2
U9D72,2409,鵲,2
U7C3F,2410,簿,2
U57C3,2411,埃,2
U7AD2,2412,竒,2
U9C36,2413,鰶,2
U5A9A,2414,媚,2
U7669,2415,癩,2
U5ABD,2416,媽,2
U7AA9,2417,窩,2
U6467,2418,摧,2
U6478,2419,摸,2
U6483,2420,撃,2
U4EC2,2421,仂,2
U60DF,2422,惟,2
U64A5,2423,撥,2
U82D1,2424,苑,2
U82DF,2425,苟,2
U5761,2426,坡,2
U9C0A,2427,鰊,2
U9C06,2428,鰆,2
U7A37,2429,稷,2
U60B6,2430,悶,2
U64E7,2431,擧,2
U5B54,2432,孔,2
U8292,2433,芒,2
U9C47,2434,鱇,2
U813E,2435,脾,2
U63EE,2436,揮,2
U59E6,2437,姦,2
U8165,2438,腥,2
U7BE0,2439,篠,2
U816B,2440,腫,2
U7BC4,2441,範,2
U5A23,2442,娣,2
U81A0,2443,膠,2
U7B94,2444,箔,2
U5A25,2445,娥,2
U7B6C,2446,筬,2
U9CF6,2447,鳶,2
U5A36,2448,娶,2
U5A3C,2449,娼,2
U81D8,2450,臘,2
U8205,2451,舅,2
U5A62,2452,婢,2
U57FA,2453,基,2
U9C72,2454,鱲,2
U9C67,2455,鱧,2
U57DF,2456,域,2
U8271,2457,艱,2
U643A,2458,携,2
U75B1,2459,疱,2
U863F,2460,蘿,2
U6F2B,2461,漫,2
U7009,2462,瀉,2
U68FA,2463,棺,2
U95D5,2464,闕,2
U6FEB,2465,濫,2
U5E0B,2466,帋,2
U95A3,2467,閣,2
U693F,2468,椿,2
U5E1B,2469,帛,2
U5F81,2470,征,2
U6F15,2471,漕,2
U88C2,2472,裂,2
U6F14,2473,演,2
U6EF4,2474,滴,2
U6ED1,2475,滑,2
U5925,2476,夥,2
U6EBA,2477,溺,2
U5145,2478,充,2
U5E55,2479,幕,2
U6E9D,2480,溝,2
U5F3E,2481,弾,2
U5339,2482,匹,2
U68E0,2483,棠,2
U70AE,2484,炮,2
U8AF1,2485,諱,2
U731C,2486,猜,2
U731B,2487,猛,2
U53A8,2488,厨,2
U7248,2489,版,2
U5D6F,2490,嵯,2
U723C,2491,爼,2
U9682,2492,隂,2
U5DBA,2493,嶺,2
U966A,2494,陪,2
U8A17,2495,託,2
U6894,2496,梔,2
U5DE1,2497,巡,2
U5371,2498,危,2
U71BE,2499,熾,2
U68B0,2500,械,2
U68B5,2501,梵,2
U5366,2502,卦,2
U5358,2503,単,2
U70C8,2504,烈,2
U9396,2505,鎖,2
U5E63,2506,幣,2
U935B,2507,鍛,2
U5EF3,2508,廳,2
U5263,2509,剣,2
U6B1D,2510,欝,2
U919C,2511,醜,2
U6B3A,2512,欺,2
U5EB6,2513,庶,2
U6D12,2514,洒,2
U9178,2515,酸,2
U6CF0,2516,泰,2
U9177,2517,酷,2
U8EBE,2518,躾,2
U8F03,2519,較,2
U5E87,2520,庇,2
U8F1B,2521,輛,2
U8F2F,2522,輯,2
U6C40,2523,汀,2
U900D,2524,逍,2
U9038,2525,逸,2
U6BEC,2526,毬,2
U9047,2527,遇,2
U5265,2528,剥,2
U91C7,2529,采,2
U8CE6,2530,賦,2
U5EFC,2531,廼,2
U8CFD,2532,賽,2
U6E0B,2533,渋,2
U6E09,2534,渉,2
U52C3,2535,勃,2
U92F8,2536,鋸,2
U8D14,2537,贔,2
U8D16,2538,贖,2
U9264,2539,鉤,2
U52B1,2540,励,2
U52AB,2541,劫,2
U925B,2542,鉛,2
U6DF3,2543,淳,2
U6A29,2544,権,2
U920D,2545,鈍,2
U6A47,2546,橇,2
U8D99,2547,趙,2
U5E7B,2548,幻,2
U6D95,2549,涕,2
U91CB,2550,釋,2
U7329,2551,猩,2
U7E37,2552,縷,2
U96F6,2553,零,2
U6787,2554,枇,2
U6773,2555,杳,2
U87F7,2556,蟷,2
U87FE,2557,蟾,2
U504F,2558,偏,2
U86CE,2559,蛎,2
U9742,2560,靂,2
U9739,2561,霹,2
U745E,2562,瑞,2
U5023,2563,倣,2
U53E2,2564,叢,2
U5065,2565,健,2
U6717,2566,朗,2
U546A,2567,呪,2
U86C4,2568,蛄,2
U9817,2569,頗,2
U545F,2570,呟,2
U86EE,2571,蛮,2
U5C2D,2572,尭,2
U87BB,2573,螻,2
U86F9,2574,蛹,2
U8700,2575,蜀,2
U5C0E,2576,導,2
U7511,2577,甑,2
U8711,2578,蜑,2
U8782,2579,螂,2
U675E,2580,杞,2
U9785,2581,鞅,2
U5029,2582,倩,2
U6750,2583,材,2
U752B,2584,甫,2
U673A,2585,机,2
U67A1,2586,枡,2
U9730,2587,霰,2
U5FFF,2588,忿,2
U53E1,2589,叡,2
U88B1,2590,袱,2
U5BF5,2591,寵,2
U889E,2592,袞,2
U5492,2593,咒,2
U8679,2594,虹,2
U9700,2595,需,2
U7372,2596,獲,2
U53CC,2597,双,2
U5C60,2598,屠,2
U5C55,2599,展,2
U5C53,2600,屓,2
U602F,2601,怯,2
U543C,2602,吼,2
U67B4,2603,枴,2
U67B6,2604,架,2
U907D,2605,遽,2
U4FF8,2606,俸,1
U593E,2607,夾,1
U6063,2608,恣,1
U61B6,2609,憶,1
U54FD,2610,哽,1
U54F2,2611,哲,1
U55A9,2612,喩,1
U5178,2613,典,1
U4F75,2614,併,1
U5EC3,2615,廃,1
U4E19,2616,丙,1
U54A8,2617,咨,1
U5919,2618,夙,1
U24FA3,2619,𤾣,1
U5E9A,2620,庚,1
U5018,2621,倘,1
U5507,2622,唇,1
U55AA,2623,喪,1
U58AE,2624,墮,1
U51CD,2625,凍,1
U5211,2626,刑,1
U4FCE,2627,俎,1
U6208,2628,戈,1
U526A,2629,剪,1
U5960,2630,奠,1
U526F,2631,副,1
U4FDF,2632,俟,1
U5EE2,2633,廢,1
U518C,2634,册,1
U5275,2635,創,1
U58C7,2636,壇,1
U58FC,2637,壼,1
U5287,2638,劇,1
U5289,2639,劉,1
U5480,2640,咀,1
U5C04,2641,射,1
U61F2,2642,懲,1
U5557,2643,啗,1
U4FE4,2644,俤,1
U5199,2645,写,1
U51CB,2646,凋,1
U5147,2647,兇,1
U4E4D,2648,乍,1
U5DE2,2649,巢,1
U5F90,2650,徐,1
U4F0D,2651,伍,1
U5F91,2652,徑,1
U5B8B,2653,宋,1
U60F1,2654,惱,1
U50C9,2655,僉,1
U54B8,2656,咸,1
U6096,2657,悖,1
U5FA8,2658,徨,1
U5C40,2659,局,1
U56C2,2660,囂,1
U5AD7,2661,嫗,1
U56C3,2662,囃,1
U5F11,2663,弑,1
U5FB9,2664,徹,1
U509A,2665,傚,1
U5B40,2666,孀,1
U5C6F,2667,屯,1
U572D,2668,圭,1
U5D69,2669,嵩,1
U5B64,2670,孤,1
U5B51,2671,孑,1
U5080,2672,傀,1
U5D11,2673,崑,1
U53A0,2674,厠,1
U570D,2675,圍,1
U6092,2676,悒,1
U608C,2677,悌,1
U5E06,2678,帆,1
U5640,2679,噀,1
U5BB0,2680,宰,1
U5BA6,2681,宦,1
U5617,2682,嘗,1
U5C16,2683,尖,1
U584A,2684,塊,1
U5840,2685,塀,1
U60A7,2686,悧,1
U5146,2687,兆,1
U5403,2688,吃,1
U601C,2689,怜,1
U582F,2690,堯,1
U5F59,2691,彙,1
U5121,2692,儡,1
U5A2F,2693,娯,1
U614C,2694,慌,1
U5F69,2695,彩,1
U5F70,2696,彰,1
U5A35,2697,娵,1
U50FB,2698,僻,1
U5056,2699,偖,1
U50F5,2700,僵,1
U6015,2701,怕,1
U6127,2702,愧,1
U531C,2703,匜,1
U505C,2704,停,1
U5A9B,2705,媛,1
UFA5C,2706,臭,1
U241C6,2707,𤇆,1
U9065,2708,遥,1
U773A,2709,眺,1
U90C1,2710,郁,1
U76D6,2711,盖,1
U76D2,2712,盒,1
U7684,2713,的,1
U7642,2714,療,1
U9174,2715,酴,1
U918D,2716,醍,1
U761F,2717,瘟,1
U9190,2718,醐,1
U91A2,2719,醢,1
U91AA,2720,醪,1
U91AF,2721,醯,1
U75D8,2722,痘,1
U75B3,2723,疳,1
U75B2,2724,疲,1
U7578,2725,畸,1
U756B,2726,畫,1
U7554,2727,畔,1
U9214,2728,鈔,1
U9237,2729,鈷,1
U9266,2730,鉦,1
U74CF,2731,瓏,1
U9077,2732,遷,1
U777E,2733,睾,1
U7AC5,2734,竅,1
U901D,2735,逝,1
U8D6B,2736,赫,1
U7AB6,2737,窶,1
U8DCB,2738,跋,1
U8E30,2739,踰,1
U7A20,2740,稠,1
U7A17,2741,稗,1
U8E4A,2742,蹊,1
U79EC,2743,秬,1
U79BD,2744,禽,1
U8E74,2745,蹴,1
U8E81,2746,躁,1
U798A,2747,禊,1
U7984,2748,禄,1
U7960,2749,祠,1
U7957,2750,祗,1
U7953,2751,祓,1
U7912,2752,礒,1
U8F5F,2753,轟,1
U78D0,2754,磐,1
U8FA8,2755,辨,1
U7825,2756,砥,1
U8FEB,2757,迫,1
U9013,2758,逓,1
U9295,2759,銕,1
U74BD,2760,璽,1
U74B0,2761,環,1
U74A7,2762,璧,1
U7119,2763,焙,1
U7114,2764,焔,1
U70F9,2765,烹,1
U70D9,2766,烙,1
U70B3,2767,炳,1
U708E,2768,炎,1
U96F9,2769,雹,1
U96FB,2770,電,1
U6FD5,2771,濕,1
U6FB3,2772,澳,1
U9768,2773,靨,1
U976D,2774,靭,1
U6F3F,2775,漿,1
U9786,2776,鞆,1
U978B,2777,鞋,1
U6F23,2778,漣,1
U97A0,2779,鞠,1
U6EC4,2780,滄,1
U97EE,2781,韮,1
U6E13,2782,渓,1
U6E07,2783,渇,1
U6DF9,2784,淹,1
U6DBF,2785,涿,1
U9677,2786,陷,1
U9676,2787,陶,1
U9665,2788,陥,1
U7328,2789,猨,1
U7483,2790,璃,1
U7409,2791,琉,1
U9354,2792,鍔,1
U73B2,2793,玲,1
U7378,2794,獸,1
U7375,2795,獵,1
U93AD,2796,鎭,1
U93AE,2797,鎮,1
U93B0,2798,鎰,1
U93CA,2799,鏊,1
U72AF,2800,犯,1
U964B,2801,陋,1
U72A0,2802,犠,1
U9470,2803,鑰,1
U7267,2804,牧,1
U9475,2805,鑵,1
U958F,2806,閏,1
U95A4,2807,閤,1
U95CD,2808,闍,1
U7239,2809,爹,1
U722D,2810,爭,1
U95E2,2811,闢,1
U7ABB,2812,窻,1
U7AF6,2813,競,1
U6CF3,2814,泳,1
U8703,2815,蜃,1
U874B,2816,蝋,1
U8331,2817,茱,1
U8318,2818,茘,1
U8317,2819,茗,1
U82E3,2820,苣,1
U82E1,2821,苡,1
U828D,2822,芍,1
U8258,2823,艘,1
U87C6,2824,蟆,1
U87D2,2825,蟒,1
U8202,2826,舂,1
U87E0,2827,蟠,1
U81C9,2828,臉,1
U8805,2829,蠅,1
U881C,2830,蠜,1
U8821,2831,蠡,1
U816E,2832,腮,1
U8168,2833,腨,1
U8166,2834,腦,1
U814B,2835,腋,1
U8133,2836,脳,1
U883B,2837,蠻,1
U80EF,2838,胯,1
U8347,2839,荇,1
U83D4,2840,菔,1
U8D05,2841,贅,1
U83D8,2842,菘,1
U8597,2843,薗,1
U8562,2844,蕢,1
U85CD,2845,藍,1
U8543,2846,蕃,1
U8540,2847,蕀,1
U851E,2848,蔞,1
U8602,2849,蘂,1
U84BC,2850,蒼,1
U865F,2851,號,1
U84BB,2852,蒻,1
U84A1,2853,蒡,1
U849F,2854,蒟,1
U8466,2855,葦,1
U8671,2856,虱,1
U867B,2857,虻,1
U8693,2858,蚓,1
U8438,2859,萸,1
U8420,2860,萠,1
U86AF,2861,蚯,1
U840C,2862,萌,1
U83EB,2863,菫,1
U86DF,2864,蛟,1
U86EF,2865,蛯,1
U80DD,2866,胝,1
U809A,2867,肚,1
U8862,2868,衢,1
U805A,2869,聚,1
U7D2F,2870,累,1
U8A95,2871,誕,1
U7D21,2872,紡,1
U7D02,2873,紂,1
U8AB9,2874,誹,1
U7CD5,2875,糕,1
U8ACF,2876,諏,1
U7CB3,2877,粳,1
U7CAE,2878,粮,1
U8AED,2879,諭,1
U8B1D,2880,謝,1
U8B4F,2881,譏,1
U8B5A,2882,譚,1
U8B8A,2883,變,1
U7C4D,2884,籍,1
U8B92,2885,讒,1
U8B9A,2886,讚,1
U7C11,2887,簑,1
U7C0D,2888,簍,1
U8C5A,2889,豚,1
U8CA8,2890,貨,1
U7BAD,2891,箭,1
U8CA9,2892,販,1
U8A8C,2893,誌,1
U7D45,2894,絅,1
U8A87,2895,誇,1
U8944,2896,襄,1
U803D,2897,耽,1
U8881,2898,袁,1
U88C1,2899,裁,1
U88C5,2900,装,1
U88D9,2901,裙,1
U88DC,2902,補,1
U88F9,2903,裹,1
U8910,2904,褐,1
U7F88,2905,羈,1
U8925,2906,褥,1
U7E92,2907,纒,1
U7D6E,2908,絮,1
U7E5E,2909,繞,1
U89DC,2910,觜,1
U7E46,2911,繆,1
U7E3E,2912,績,1
U7E3A,2913,縺,1
U8A23,2914,訣,1
U7E1E,2915,縞,1
U7E0A,2916,縊,1
U7DC7,2917,緇,1
U7DA2,2918,綢,1
U6D85,2919,涅,1
U74E0,2920,瓠,1
U6CE1,2921,泡,1
U9EA9,2922,麩,1
U689F,2923,梟,1
U68AF,2924,梯,1
U68BC,2925,梼,1
U63E1,2926,握,1
U9B58,2927,魘,1
U63A9,2928,掩,1
U68F2,2929,棲,1
U6905,2930,椅,1
U690B,2931,椋,1
U63A0,2932,掠,1
U6398,2933,掘,1
U6392,2934,排,1
U6953,2935,楓,1
U6389,2936,掉,1
U696B,2937,楫,1
U9DEF,2938,鷯,1
U9EDB,2939,黛,1
U633E,2940,挾,1
U9AD9,2941,髙,1
U69B4,2942,榴,1
U69BE,2943,榾,1
U9AB8,2944,骸,1
U9F07,2945,鼇,1
U9F0E,2946,鼎,1
U69C3,2947,槃,1
U9F2B,2948,鼫,1
U69CD,2949,槍,1
U9A13,2950,験,1
U62F3,2951,拳,1
U99ED,2952,駭,1
U6874,2953,桴,1
U6867,2954,桧,1
U6A12,2955,樒,1
U9CEB,2956,鳫,1
U66A6,2957,暦,1
U66DD,2958,曝,1
U66E0,2959,曠,1
U6676,2960,晶,1
U66F9,2961,曹,1
U9C29,2962,鰩,1
U6668,2963,晨,1
U665E,2964,晞,1
U662D,2965,昭,1
U9C23,2966,鰣,1
U9C4F,2967,鱏,1
U9C10,2968,鰐,1
U9C6A,2969,鱪,1
U677C,2970,杼,1
U6548,2971,效,1
U6416,2972,搖,1
U9C08,2973,鰈,1
U9D50,2974,鵐,1
U9BF5,2975,鯵,1
U67CA,2976,柊,1
U9D86,2977,鶆,1
U9BD2,2978,鯒,1
U67E9,2979,柩,1
U67FB,2980,査,1
U67FE,2981,柾,1
U9BD1,2982,鯑,1
U64C2,2983,擂,1
U649E,2984,撞,1
U9BAA,2985,鮪,1
U9DE6,2986,鷦,1
U99DF,2987,駟,1
U9C3B,2988,鰻,1
U6A8E,2989,檎,1
U9958,2990,饘,1
U98AF,2991,颯,1
U6226,2992,戦,1
UFA38,2993,器,1
U9952,2994,饒,1
U6A90,2995,檐,1
U62D2,2996,拒,1
U6248,2997,扈,1
UFA1D,2998,精,1
U6AC2,2999,櫂,1
U9940,3000,饀,1
U6BDF,3001,毟,1
U9949,3002,饉,1
U985B,3003,顛,1
U62CC,3004,拌,1
U6BC6,3005,毆,1
U626E,3006,扮,1
U9942,3007,饂,1
U983D,3008,頽,1
U9921,3009,餡,1
U62D7,3010,拗,1
U6C83,3011,沃,1
U629B,3012,抛,1
U6A61,3013,橡,1
U98DC,3014,飜,1
U6C08,3015,氈,1
U99D0,3016,駐,1
